{
    "logistic_regression_accuracy": 0.8138297872340425,
    "logistic_regression_precision": 0.782608695652174,
    "logistic_regression_recall": 0.7297297297297297,
    "logistic_regression_f1": 0.7552447552447552,
    "logistic_regression_roc_auc": 0.7990753911806544,
    "gradient_boosting_accuracy": 0.8351063829787234,
    "gradient_boosting_precision": 0.8115942028985508,
    "gradient_boosting_recall": 0.7567567567567568,
    "gradient_boosting_f1": 0.7832167832167832,
    "gradient_boosting_roc_auc": 0.8213608345187293,
    "histogram_gradient_boosting_accuracy": 0.851063829787234,
    "histogram_gradient_boosting_precision": 0.8194444444444444,
    "histogram_gradient_boosting_recall": 0.7972972972972973,
    "histogram_gradient_boosting_f1": 0.8082191780821918,
    "histogram_gradient_boosting_roc_auc": 0.8416311047889995,
    "random_forest_accuracy": 0.8297872340425532,
    "random_forest_precision": 0.8387096774193549,
    "random_forest_recall": 0.7027027027027027,
    "random_forest_f1": 0.7647058823529411,
    "random_forest_roc_auc": 0.8074917022285443
}
